Date,PostID,Title,Content,Score,Comments,URL
1740269925.0,1ivx7k1,My worst trade of all time,Sold my entire stake of Palantir @$6.80 at pretty much the all time low for an 80% loss ðŸ¤¡ ,5,4,https://i.redd.it/sdkpbzuy7ske1.jpeg
1740269924.0,1ivx7jt,One of the bright spots from the Friday bloodbath,Thank you Celsius ðŸ˜Œ,1,1,https://www.reddit.com/gallery/1ivx7jt
1740267275.0,1ivwar1,I sent my savings into the abyss,Got caught with my pants down when VXX shot up during the December fed meeting and bought 8 calls at 8.15 a pop. Made quick cash with AI calls and bought 12 more just so my avg would help me mitigate the loss.,7,5,https://i.redd.it/dmkqgv830ske1.jpeg
1740266746.0,1ivw43a,Should I Quit Options Trading?,"I have been doing well trading QQQ options, mainly because it's a bull market. I typically buy call options with a 30-day expiration and sell them when I achieve a 20-30% gain.

Later, I started looking at other stocks and bought a long call option for UNH. In January, I purchased a June call for $1,800 and made a $500 profit. Then, I re-entered UNH, but on earnings day, the stock dropped further, and I exited with a loss.

In February, I entered UNH again and made another $500 profit. I re-entered once more, but the stock dropped. I averaged down twice before the big drop on Friday.

Now, I am at a loss. Should I quit trading options? I am not analyzing charts; instead, I am buying calls based on the assumption that if a stock is down but the business is strong, it will recover.

Please check the screenshots.

https://preview.redd.it/irl27sjxyrke1.png?width=1320&format=png&auto=webp&s=3433a79f2969dea740db8e0b16b3688fb9d4dd8e

https://preview.redd.it/4p5qqsjxyrke1.png?width=1320&format=png&auto=webp&s=126bb31fa05ed8c6672e5b839431cb201992ed08

https://preview.redd.it/jgm2qsjxyrke1.png?width=1320&format=png&auto=webp&s=494fedfee439a42b78ade6a7011de3b58d3a1045

https://preview.redd.it/4ye8qtjxyrke1.png?width=1320&format=png&auto=webp&s=5b72b0926455480e7422f2029a0565d9b8dca636

https://preview.redd.it/t0e4rtjxyrke1.jpg?width=1320&format=pjpg&auto=webp&s=27401ccfc5512a49c0d7ac8b9862ce57631b68fd

  
",0,33,https://www.reddit.com/r/wallstreetbets/comments/1ivw43a/should_i_quit_options_trading/
1740265972.0,1ivvuk3,100% SMCI For my roth,,1,10,https://i.redd.it/2blpbax5wrke1.jpeg
1740265298.0,1ivvm3t,MRNA DD,"TLDR:  MRNA calls


Whatâ€™s up guys?  Iâ€™m following up my WMT earnings play with another dip into MRNA.  I follow this stock closely and have posted about it before.  Those that tailed last time made money(although it was a painful hold).  I like MRNA because it is prone to pretty large moves, and options can gain(and lose) value very quickly. Here is why I bought calls on Friday.


1.  The big news Friday that led to a 5% jump in MRNA.   Scientists in China found a covid-like virus in bats studied in a lab.  This is significant because this virus enters the human body through a similar pathway as Covid-19.   The vast majority of coronaviruses cannot infect humans, but SARS Covid-19 and this new virus both use the same receptor to enter human cells and replicate.  This news was fairly fresh on Friday, with only a couple outlets reporting it.  I think that after a weekend of this info spreading, we will see strong buying pressure on MRNA early next week.  


2.  Avian flu is concerns are rising.  The virus is now endemic in cows and cats, showing that it is spreading within mammals.  While this has been happening for a little while and is not really new news, whatâ€™s is new is that the current administration is cutting funding for infectious disease study, and likely keeping important information from being published.  The bare minimum is available on the CDC website, a massive difference between now and 2020 when data was published daily.   This is going to get worse, and it is only a matter of time before we see human to human spreading.  When that happens MRNA will double in price, which is why longer dated calls are a good play IMO.  


3.  Big players are buying here.  Bridgewater Associates(founded by Ray Dalio), the largest hedge fund in the world by AUM, just bought 600,000+ shares, Theleme Partners now owns $300 million worth, and Jane Street just upped their holdings to $150 million.  Book value for MRNA is right around $30.  We saw them miss on EPS but beat on revs recently.  That morning, the stock very briefly dropped to $28, but was bought back up to $33 almost instantly.  In my opinion, $30 is the floor.   It may come down and test it again, but I doubt it given the news Friday.   IF MRNA breaks $30 and closes below $30 on significant volume, I will likely abandon this thesis and consider it a lost cause. 


4.  The technicals are very bullish.  There is a significant bullish RSI divergence on both the daily and the weekly(yes I drew a line on the RSI).  MACD is turning up on both time frames as well.  This is the exact same RSI setup that helped me see the WMT pivot last week.  I know itâ€™ll get ragged on here, but it helps me spot reversals so I add it to the list of clues.  


5.  The options chain.  The put/call volume ratio for next week is 0.10.  For those that donâ€™t know, that means 10 times as many call options were traded as put options.  The open interest put/call ratio is 0.65, still very bullish.   The one caveat to the volume is one trader may have entered a large call credit spread, which would be bearish, but it could also be a hedge.  HOWEVER, there will still be about 78,000 open call contracts between $35 and $41 that could act as a magnet.  There are also around 58,000 call options in open interest at the $45 and $50 strikes for March 21.  Those are a bit safer and I will likely roll some of my already purchased weeklies into those. 


6.  Volume.  Itâ€™s been elevated since November.  In the early Covid days, MRNA would regularly get 20-40 million share days.  Towards the end of 2021 until Nov 2024, the average day would be between 2-6 million shares or so.  In the last week, volume has not dipped below 10 million, and hit 21 million shares on Friday.  


I think MRNA is gearing up for a move to the upside.  I have $40 and $41 calls expiring this week, but I will roll them to a later date if I think itâ€™s appropriate. Quick note, MRNA tends to run really hard in one direction in the first 10 minutes of trading.  That direction is usually a fake out, and it often reverse very quickly.  Again, itâ€™s prone to very large, very fast moves.   Know your risk tolerance.  If you catch 100% gains at open and want to bail, do it.  If youâ€™re down 50%, donâ€™t panic.  


Two earnings plays that Iâ€™m looking at are HD puts(similar theory to my WMT DD) or possibly LOW puts to play for sympathy without the IV crush,  and CLF calls.  


None of this is financial advice.  

",37,27,https://www.reddit.com/gallery/1ivvm3t
1740263434.0,1ivuy4a,AMD- I AINT HEAR NO BELL,I bought more amd.  Let it cook.,60,49,https://www.reddit.com/gallery/1ivuy4a
1740259957.0,1ivtod0,"New Virus, New Lambo, Biotech is about to go Rambo ($MRNA, $CSL) ðŸš€ðŸš€ðŸš€ðŸš€","Wake up babe new virus just dropped, and it's not the one you get from a $12 job behind Wendy's.

[https://www.nature.com/articles/d41586-025-00503-7](https://www.nature.com/articles/d41586-025-00503-7)

**Biotech Bonanza: Get rich orÂ ðŸ’ŽðŸ™ŒÂ trying**

**$MRNA (Moderna): The Vaccine Vending Machine (a.k.a TENDIE machine)**

The amount of money MRNA's about to print, it's gonna make JPOW look like a used toilet paper roll.

**Catalysts:**Â Updated vaccine announcements, government contracts, and FOMO from the regards who missed the run up in 2020.Â 

**Risks:**Â Expect volatility that makesÂ ðŸŒ½Â look like a T-Bill. If the new strain fizzles out from the news cycle, expect your options to drop faster than my pants when I see you kneeling.

Current Price: 35.53

Price Target: 78-110 (https://stockanalysis.com/stocks/mrna/forecast/)

Timeframe: 0-3 months (due to high volatility)

**$CSL (CSL:ASX)**

Because i'm a regarded Aussie, but tendies are tendies. If this strain is half as bad as the RDDT Put guy's timing, CSL's reaches the moon before LUNR.

**Catalysts:**Â Partnerships with governments, and increased demand for plasma therapies due to a potential public health emergency if this Covid-like virus breaks out of the lab in Wuhan (sound familiar?).

**Risks:**Â If this virus turns out to be limper than Bezos's cock, then the stock might move slower thanÂ a checkout aisle at Costco.

Current price: 258.67

Price target: 319-360 (https://www.tradingview.com/symbols/ASX-CSL/forecast/)

Timeframe: 3-6 months

**TLDR: Biotech ($MRNA, $CSL)Â ðŸš€ðŸš€ðŸš€ðŸš€ðŸš€ðŸš€ðŸš€ðŸš€ðŸš€ðŸš€ðŸš€ðŸš€ðŸš€ðŸš€ðŸš€ðŸš€**

**Positions:**Â Screenshots posted (shares only coz i'm too regarded for options)

MRNA: 300 @ 33.08

CSL: 20 @ 259.3

Note: I also have positions in a Danish pharma whose ticker doesnâ€™t meet the rules for posting on this sub. They develop antibody tech, and might partner with a Big Pharma soon - 500 @ 22.4

This not financial advice.

https://preview.redd.it/smoav7hvdrke1.jpg?width=715&format=pjpg&auto=webp&s=267ce9c7f6337675fee4eb6bc223a1a7712bea05

https://preview.redd.it/kf45w7hvdrke1.jpg?width=715&format=pjpg&auto=webp&s=e9c078a020c5b4b5e78201b4912c7e8ba4719e65

https://preview.redd.it/bf4as7hvdrke1.jpg?width=715&format=pjpg&auto=webp&s=40591a71c164071e5a34887960c75a95c5d512d5",106,63,https://www.reddit.com/r/wallstreetbets/comments/1ivtod0/new_virus_new_lambo_biotech_is_about_to_go_rambo/
1740259516.0,1ivtihw,What would you do in this spot? Asking for a friend ðŸ˜¬,"Full degenerate move. 

Positives: 4 weeks til exp. 

Negatives: I think Hood is circling the drain.. but for how long?? Donâ€™t know if theyâ€™re done dropping it. 

What do you guys think? Should I cut my losses or hold for a bit and see what happens. If this gets even remotely close to 65-70 it would be a massive gain. 

My â€œestimate my returns shows a breakeven @ 55 by next Fridayâ€ 

ðŸ¤·ðŸ»â€â™‚ï¸ ",0,63,https://i.redd.it/onnf0no0drke1.jpeg
1740258584.0,1ivt5ui,The sector you've never touched IS a 10-bagger but not like how that last regard explained it,"A few hours ago I saw some regard posting[ \[DD\]](https://www.reddit.com/r/wallstreetbets/comments/1iuykwm/the_sector_youve_never_touched_is_a_10bagger_but/) on the mining industry gassing up regarded metals like lithium and rare earths. I'm going to attempt to explain to you regards why gold and silver mines print money and critical minerals projects are critically regarded.

**Rare Earths**

Rare earths are not rare! The main payable metal is NdPr Neodymium Praseodymium used for magnets. With Neodymium prices in the toilet due to China doing China things like injecting ammonium sulfate directly into the ground to leach the rare earths in situ, most hard rock projects like MP materials are losing money.

There are some great ionic clay rare earth projects out there with over 2% rare earth oxides but they exist on non freedom exchanges like the TSX and the ASX and are development projects that aren't mining anything yet.

The key issue with rare earths is processing capacity. This will probably get on-shored to the US in the next 5-10 years and China and Lynas Rare Earths will no longer be the only processors. This is why UUUU is the least regarded investment OP listed. DYODD.

**Lithium**

There was never a shortage of lithium, only a shortage of lithium processing capacity. Any deposit under 1% lithium is not going to be economic. Lithium is about as rare as copper. Guys at Exxon are developing direct lithium extraction technologies to extract lithium directly out of saltwater wells in [Arkansas](https://corporate.exxonmobil.com/news/news-releases/2023/1113_exxonmobil-drilling-first-lithium-well-in-arkansas).

If they figure that out most existing hard rock mines may no longer be economical. Lithium is the most regarded bet. Any decent lithium project worth anything got built in the last few years.

**Gold and Silver**

We are in the beginning of a precious metals bull market. Any regard can see this in the gold chart. Historically silver prices tend to follow gold prices, but silver moons harder than gold does because the average regard is too poor to buy gold.

Gold is what central banks buy when their butt holes start to pucker. And they have been buying gold at record levels recently.

GDX and GDXJ are terrible bets because most gold companies are trash. Barrick was producing 5 million ounces 10 years ago now they're down to 2 million ounces. Nemont did so many acquisitions in the past 20 years ballooning its share count offsetting any kind of rise in profits or production they might have experienced. These companies have ruined the reputation of the mining sector for most institutions and retail investors.

It's best to bet on mid tier producers that are building or developing new mines.

https://preview.redd.it/59zhe7f38rke1.png?width=1079&format=png&auto=webp&s=64554b0001ea145e64283e67a4a58d4b797a290a

Equinox Gold just reported great earnings as their new flagship gold mine in Canada has reached commercial nameplate capacity. While their new mine is printing money they will make the sustaining capital investments in their other mines that they have put off which will lead to even more baggies.",0,12,https://www.reddit.com/r/wallstreetbets/comments/1ivt5ui/the_sector_youve_never_touched_is_a_10bagger_but/
1740253898.0,1ivre3h,How cooked am I?,,23,39,https://i.redd.it/jw0yhtbbwqke1.jpeg
1740245056.0,1ivnwgd,Asked my 3 y/o to draw something about his Papa. What does this mean?,,10672,535,https://i.redd.it/quu6klf06qke1.jpeg
1740242286.0,1ivmsav,Generational Debt,I'm finna sue,482,74,https://i.redd.it/4kl46f6sxpke1.png
1740237204.0,1ivkuuk,Am I cooked?,"
I need this money to pay our mortgage in the next couple years because our buy down is expiring, which means our interest rate is going up. The account with PLTR down $1,400 is a joint account with my wife and I'm an anxious mess this weekend and hoping she doesn't randomly check. I tried to apply for a loan yesterday to sneak some some money in there so she doesn't see that the balance dipped, but I got denied.

PLTR will recover next week, yeah? My heart is beating like a drum and I can't stop worrying ðŸ˜“ I've had anxious sad boy weekends, but this one is the worst. I'm scared for Monday.
",454,366,https://www.reddit.com/gallery/1ivkuuk
1740233503.0,1ivjkz4,"Berkshire operating earnings surge 71% in fourth quarter, cash hoard balloons to record $334 billion",,1451,226,https://www.cnbc.com/2025/02/22/berkshire-hathaway-brka-earnings-q4-2024.html
1740231577.0,1ivixub,DD on Intuitive Machines (LUNR) second moon mission next Wednesday (Feb 26th),"Intuitive Machines is literally the first company since 1972 to bring the US to the moon. They are supporting NASAâ€™s Artemis program (for exploration, research, building infrastructures and digital lunar communications), and are notably partnered with Nokia to deploy the first cellular network on the Moon during the upcoming IM-2 mission.

Let's now see what happened to their stock price during their first mission.

* February 15, 2024: Intuitive Machines' first Moon mission, IM-1 (Nova-C lunar lander). Over the course of four days since launch date LUNR stock rose \~150%.

Second Lunar Mission is scheduled to launch as soon as Feb 26th, and we may experience a new cycle of strong valorization, starting next week. Especially as we are now facing a one month correction since 24th January that brought the stock from peaks of $25 into current lows of $18, where we see strong support on the EMA 200 in the daily chart.

TL;DR: Expect a strong rise in LUNR stock price next week in anticipation to the Second Lunar Mission launch scheduled to Feb 26th (they may move dates if any unexpected meteorological event happens).

The calls I bought yesterday during market crash:

https://preview.redd.it/c6538r0v1pke1.png?width=1401&format=png&auto=webp&s=be4eb450f7ed4438f1e5af2a2cd8cfaeffd7e96e

Oh I almost forgot. You may want to check their crazy video on the next IM-2 Lunar Mission, its pure entertainment: [https://www.youtube.com/watch?v=Fq7M5x2qta0](https://www.youtube.com/watch?v=Fq7M5x2qta0)",214,55,https://www.reddit.com/r/wallstreetbets/comments/1ivixub/dd_on_intuitive_machines_lunr_second_moon_mission/
1740231448.0,1iviwdk,10k->??,What do you guys think? ,30,21,https://i.redd.it/drnd8q3k1pke1.jpeg
1740217404.0,1ivf8yx,ACHR ER play,"I will take exit before ER if  I get 20% profit . Else, will hold till end of year",29,11,https://i.redd.it/vyvdlcpsvnke1.jpeg
1740200043.0,1ivaysn,$MGOL and $HMR merger loss,"If youâ€™re looking for the regard that lost all his money on the merger of MGOL and HMR, Iâ€™m right here.",19,11,https://i.redd.it/blpxpib6gmke1.jpeg
1740198240.0,1ivag43,My biggest %gain option trade. $412 to $13.4k,,927,69,https://i.redd.it/vw5p4a6tamke1.jpeg
1740193861.0,1iv95gg,Is this respectable for February??,"I love PLTR bruh 
",17,12,https://i.redd.it/be0i4vlsxlke1.jpeg
1740189363.0,1iv7pic,Alibaba and the 23 thieves,,132,42,https://i.redd.it/xz9plv0fklke1.jpeg
1740187221.0,1iv6zxy,Dow drops 700 points for worst day of 2025 so far on new fears on Trump Tarriffs,,4710,525,https://www.cnbc.com/2025/02/20/stock-market-today-live-updates.html?__source=androidappshare
1740181299.0,1iv5amq,Public Markets Becoming Less Liquid and Less Transparent.,"The share of equity trading volume on the exchanges is now smaller than the share of equity trading volume in dark pools, negotiated trades, and internalized trades.",998,205,https://i.redd.it/v2ww33ofwkke1.jpeg
1740179716.0,1iv4q30,DD Droneshield: tendies are printing and WSB is not even joining the party?!,"Hello Regards,

Droneshield (DRO) is showing promising returns and WSB seems unaware. A quick search on google trends would make it seem that the USA are not aware of the stock at the moment. So here is a small DD to get this beauty of a company on your radar and not leave all the tendies to the Germans and Australians. 

  
Plain and simple:

DRO develops and sells anti-drone tech. DRO engineers, produces and maintains their own products. 

Costumers: EU countries that are ramping up their drone defense systems since Ukraine has demonstrated the dangers of drones. Countries neighboring China since they also can't keep their drones to themselves. South American countries that are trying to counter the use of drones by the drug cartels.

Added value: Their products protect and save lives.

[Their revenue is ramping up with repeat orders by satisfied customers.](https://preview.redd.it/zp0bc0imhkke1.png?width=1058&format=png&auto=webp&s=bc4cd9e2d400ab64f4fdeee2bcf84c4b8293e514)

.

[They manage to maintain super healthy gross profit margins.](https://preview.redd.it/oy2dheyyhkke1.png?width=1068&format=png&auto=webp&s=dfcdc462de4e6c547a8c3325948efb6256ba61bd)

.

[Net profit margin transitioned into the green. ](https://preview.redd.it/hrvdph1qikke1.png?width=1057&format=png&auto=webp&s=596bfe90e67ba299511afd52132c499501c31797)

Why is the net profit margin relatively low: 200 of their 255 employees are engineers that R&D this company to perfection. My guess is that this is quite expensive. Droneshield understands: great value comes from great products. And great products bring in great costumers.

  
Here is a page out of their latest earnings report. This update caused the reverse of the trend. It shows that their revenue spike was not a one off event but only the beginning of the profitable era. Read the full report here: [https://static1.squarespace.com/static/660a32624c94dd36e509baf3/t/67995f878b0b2b6c9b290038/1738104717089/4C\_4Q24.pdf](https://static1.squarespace.com/static/660a32624c94dd36e509baf3/t/67995f878b0b2b6c9b290038/1738104717089/4C_4Q24.pdf)

https://preview.redd.it/7ow29x92okke1.png?width=633&format=png&auto=webp&s=26bcc8aedaa65b0100d586dfea9b91a4bdcb543b

Negative: DRO takes on very little debt, to little. Instead they have gradually over the years sold more shares. I would say this should slow down now cash is coming in through sales. 

  
Furthermore they maintain a very healthy balance sheet with 220 million cash balance. Check out their website. Its a piece of art on its own: [https://www.droneshield.com/investor-relations](https://www.droneshield.com/investor-relations)

  
My humble position:

https://preview.redd.it/ikyzvcrqfkke1.png?width=1534&format=png&auto=webp&s=565d7e0a27412ff805ca54df26f64635d2263423

I plan to stay in for the long run. But if it moons again like last time I will take profit and step back in when the dust settled. 

There is a lot more to be said about this company. But I leave that for the discussion. I hope I have been of service to my fellow regards at WSB.

Disclaimer: I am not a financial advisor. No AI was used making this DD. The first 3 graphs are not fully up to date with the latest earnings report.",14,14,https://www.reddit.com/r/wallstreetbets/comments/1iv4q30/dd_droneshield_tendies_are_printing_and_wsb_is/
1740179156.0,1iv4iln,"PLTR RIDE WAS GOOD, BUT...","It was a great ride with you all, but I feel the train is going to stop.  Hope to hop back on at a more reasonable p/e.",10,13,https://i.redd.it/xnnrn4a2qkke1.jpeg
1740176524.0,1iv3i8r,Last play NVDA Yolo,"Lost $10k today on 0dte NVDA calls. Had a chance to get out but missed my sell order by literally .01 and it cratered down. Averaged down all I had. Honestly not as bad as my other blow ups in the past where I lost 30k twice. But anyways, this is my last play. If I lose, Iâ€™ll take my scraps and just voo and recoup my losses in 25 years or so.",63,36,https://i.redd.it/6k9dphl8ikke1.jpeg
1740175508.0,1iv33z7,+46K in 3 months TGT calls / Always trust soccer moms with credit cards to spend money,,21,6,https://imgur.com/a/Nr3bFwr#fJ3cJ1H
1740173492.0,1iv2bbm,BABA puts !,,17,69,https://i.redd.it/6e6da2189kke1.jpeg
1740172980.0,1iv23q7,"$500->$10,000 on 0DTE HIMS puts",ðŸš€ðŸš€ðŸš€ðŸš€ðŸš€ðŸš€ðŸš€ðŸš€ðŸš€,111,15,https://i.redd.it/z5m11edp7kke1.jpeg
1740172938.0,1iv234g,100k Day Ask what puts can do for you,,323,76,https://i.redd.it/in20ozlk7kke1.jpeg
1740172748.0,1iv20er,Dropbox $DBX droped the money,"Follow up to my dd post. All rlz gainz

49k -> 164k

Unfortunattly hadnt the best entry with high IV. Sold near close but before the final drop i was waiting for (fuckin hedge, im sure they waited me to sell, literally went tits up the sec i sold).

Congrats to those who bought next week, they may print harder.",543,69,https://www.reddit.com/gallery/1iv20er
1740171595.0,1iv1ju0,AMD turned me into a gambling addict,"This is my entire life savings (including IRA) that I have saved up for the past 5 years. I bet my entire portfolio on AMD on the day of the earning and failed miserably. So far, I think I have around $40k in losses just from AMD (both realized and unrealized). In the hopes of recovering my losses I have been getting even more aggressive with my bets. 

Today I even asked my parents for money and have added $4k (+1k in margin) in stocks and $6k in options. In retrospect, I really should not have played the earnings. 

But I am confident that AMD will recover in Q2-3.







",183,147,https://www.reddit.com/gallery/1iv1ju0
1740171451.0,1iv1hsg,"Weekend Discussion Thread for the Weekend of February 21, 2025",This post contains content not supported on old Reddit. [Click here to view the full post](https://sh.reddit.com/r/wallstreetbets/comments/1iv1hsg),122,10024,https://www.reddit.com/r/wallstreetbets/comments/1iv1hsg/weekend_discussion_thread_for_the_weekend_of/
1740170561.0,1iv151q,$120k IWM $220p 3/31,"Currently up 100% but still not selling! 

",13,9,https://i.redd.it/itn52ndi0kke1.jpeg
1740169810.0,1iv0u3b,In Nancy and Bezo I trust,"Bought AMZN and GOOGL leap last week, decided to double down today after the drop. I aint leaving until these turn 10 baggers.

My DD: trust in Nancy, and bezo because he refunded my lost gift card purchases.

https://preview.redd.it/yqrxgwlzyjke1.png?width=872&format=png&auto=webp&s=6a392d8b612e994d01c4272fafc5d047bf86978c

https://preview.redd.it/zt7e5vlzyjke1.png?width=856&format=png&auto=webp&s=a4cab9a225f9f3f6aefde32c9e7d35edc00690aa

",148,52,https://www.reddit.com/r/wallstreetbets/comments/1iv0u3b/in_nancy_and_bezo_i_trust/
1740168212.0,1iv07j8,Is this wsb enough for you?,"Apparently shares are is not wsb, so how about 0dte soy puts?",72,17,https://www.reddit.com/gallery/1iv07j8
1740166859.0,1iuzo64,I will be closing my RH after today,,968,359,https://www.reddit.com/gallery/1iuzo64
1740164147.0,1iuykwm,"the sector you've never touched IS a 10-bagger, but not like that [DD w/ $250k invested)","A few days ago, I saw the[ \[DD\]](https://www.reddit.com/r/wallstreetbets/comments/1ir0k5o/this_sector_youve_never_touched_is_a_10bagger_dd/) posted here about the mining industry. The OP of this post was right to point out that the mining sector is due for a massive run and I appreciated the attention they drew to the qualities of a high return opportunity.Â  However, their recommendation was mostly to invest in mining related to GOLD! Reading that was like watching one set the dining table beautifully, only to proceed to mistake the appetizer for the main dish.

Today Iâ€™m going to provide further evidence for the case that the mining industry presents a massive opportunity on a timescale anywhere from right now to the end of Trumpâ€™s term. The investments that are going to make you rich, however, have nothing to do with gold, per se, and everything to do with titanium, lithium, rare earth minerals, and the complete market dominance China has over their processing and extraction.

**Part I: Ukraine, Greenland, Russia, and the Allied Supply Chain**

Why does Trump care so much about Greenland? Why is he so insistent on Ukraine signing away 50% of their claim to Ukraineâ€™s minerals and, if that matters so much, why did he cut Ukraine out from the opening negotiations with Russia?

The answer is that it's all about the supply chain of minerals and metals. China is bending us over the table with their grip over the chain (80-90%+ dominance), especially in separation/processing of the materials. Recently, they [have gone as far as to ban key processing/separation materials needed](https://www.reuters.com/technology/chinese-lithium-company-halts-tech-exports-trade-tensions-build-2025-02-18/), posturing to protect their interests in the face of American policy strides to distance themselves from their grip over the market. They have also kept costs of lithium and other precious earth and minerals artificially low, stymieing western incentive to establish their own supply chain.

[China has been *SO* effective at doing all of this,](https://www.wsj.com/finance/commodities-futures/china-dominant-mineral-mining-global-supply-chain-e2b7840e) that until the last few years, there was **ZERO** mining/processing of rare earth happening domestically in the USA. The picture wasnâ€™t much better for other crucial metals and resources, such as lithium and titanium. We slept too long, took them for granted, and now here we are.

Donâ€™t understand the stakes? [Here is **Marco Rubio**](https://uscriticalmaterials.com/wp-content/uploads/2025/01/Marco-Rubio-video.mp4), our secretary of state who has recently opened up  negotiations with Russia over Ukraine, being an absolute doomer about the supply chain. Here is an article he wrote r[ecently on the matter too](https://thehill.com/opinion/4817683-critical-minerals-crisis-china/).  **Lindsey Graham -** another key Trump ally - also has eyes on the issue, especially as it pertains to Ukraine and what they may offer us for security (check out these tweets [here ](https://x.com/LindseyGrahamSC/status/1891046931323040187)and [here](https://x.com/LindseyGrahamSC/status/1799832487285465244)). Oh and remember that scandal with Boeing having compromised metals in their planes? Yep, that's also because of the supply chain [being decoupled from the west](https://www.google.com/url?sa=t&source=web&rct=j&opi=89978449&url=https://www.supplychainbrain.com/blogs/1-think-tank/post/40637-how-boeings-counterfeit-titanium-crisis-was-predictable-and-preventable&ved=2ahUKEwj2iYS3y9eLAxVZwvACHU6RKzAQFnoECBwQAQ&usg=AOvVaw1vrXeJfqlxo_MfhMITKxyD) and this issue is only going to become a bigger thorn in the side of western interests as time goes on and demand continues to grow.

Let me be clear that this is a bipartisan issue and it is *extremely* difficult to deny the threat this poses to our national security and economic prosperity (the previous administration came to the same conclusion). That is why it has been a priority of both administrations. However, this present iteration of the Trump administration is uniquely situated to set the market ablaze in ways that previous administrations could not.

**Part II. Trump Administration, Republican Majorities, Cosmetics, and Converging Interests**

Alright, so we've established that the US is seriously threatened by Chinaâ€™s stranglehold over this sector. Great. So what is this administration and other key players in the industry doing about it? Here are a few points that I find compelling in making the case for the mining industry about to have a massive run.

First, let me introduce you to **Ronald S. Lauder**, heir to the EstÃ©e Lauder cosmetics company. For whatever reason, this guy has a real penchant for minerals and mining. He is [*close friends* with Donald Trump](https://www.nytimes.com/2025/02/12/world/europe/trump-ukraine-rare-earth-minerals.html) and is, according to the NY times, the one that initially led Trump to turn his attention to Greenland. He is also very interested in Ukrainian minerals and metals.

You see, Ronald Lauder is a business partner of **Brian Menell**, CEO of private investment/equity firm [**TechMet**](https://www.techmet.com/), which seeks to expand production of precious minerals across our global assets to help ensure a secure and sustainable supply of the key metals for western-aligned interests.

If there is one company to look at and one company alone, it is TechMet. Recently, they have secured 180 million from **QIA (Saudi fund)**. They are also **DOE and DFC** contractors with extremely lucrative deals over the last few years. Furthermore, what makes them unusual is that the DFC decided against their usual financing terms and actually went ahead and bought a direct stake in TechMet itself. That means the **US Federal Government** is a stakeholder directly aligned with the interests and priorities of TechMet.

As if this was not enough, TechMet also has the investment/backing of energy behemoth Mercuria. They also hold advisory members and business partners from big name mining companies like Rio Tinto. Furthermore, their current chairman is **Admiral Mike Mullen** who was previously Chairman of the Joint Chiefs of Staff of the United States, as well as on the board of **General Motors.** Suffice to say that their present reach and influence over western government is compelling as anything I have ever seen before.Â 

If you are curious, here is Brian Menell, two or so weeks ago, discussing the present state of the administration and supply chain issues [here.](https://www.youtube.com/watch?v=sP9_PY5gEug&ab_channel=SmarterMarkets%E2%84%A2) He is bullish about this administration and highlights what needs to happen in order to compete with China effectively.Â 

What does he stress? **Permitting, Bureaucracy Reform, Federal Incentivization.** He calls on the administration to lift regulations, give permits quickly, purchase directly and invest in western-aligned companies that are working on the energy transition. Trump is doing *exactly* this, from establishing the sovereign wealth fund, to the guidance issued by way of two executive actions â€œ[Unleashing American Energyâ€](https://www.whitehouse.gov/presidential-actions/2025/01/unleashing-american-energy/), as well asÂ  [â€œUnleashing Prosperity through Deregulation](https://www.whitehouse.gov/presidential-actions/2025/01/unleashing-prosperity-through-deregulation/).â€

I recommend you read the language, especially Section 9 of the executive order on energy. The order seeks to â€œestablish our position as the leading producer and processor of non-fuel minerals, including rare earth minerals, which will create jobs and prosperity at home, strengthen supply chains for the United States and its allies, and reduce the global influence of malign and adversarial statesâ€ as well as â€œto protect the United States' economic and national security and military preparedness by ensuring that an abundant supply of reliable energy is readily accessible in every State and territory of the Nationâ€

By way of the executive orders, federal agencies are instructed (within 60 days) to identify and eliminate barriers to efficient private investment and reduce project timelines for critical energy. Trump also instructs that priority should be placed on making sure USA funds critical mineral ventures and he also instructs to make sure the USA has an adequate stockpile of critical minerals/metals (and to purchase more if not). Emphasis is also placed on geologic mapping, and key western partnerships that share nationalÂ  security interests, called the **â€œQuad.â€** If you are interested in further reading on this last point, I recommend[ this article ](https://www.orfonline.org/research/the-case-for-a-quad-mineral-security-partnership#_edn81)on Quadrilateral Mineral Partnerships.

Here is another item in the order on Unleashing American Energy:

>(j) Within 60 days of the date of this order, the Secretary of State, Secretary of Commerce, Secretary of Labor, the United States Trade Representative, and the heads of any other relevant agencies, shall submit a report to the Assistant to the President for Economic Policy that includes policy recommendations to enhance the competitiveness of American mining and refining companies in other mineral-wealthy nations.

Trump is not a patient man. He will act quickly after receiving this report in March and he is already trying his best to wrap up Ukraine as quickly as possible too with assurances of mineral access. That's why I believe the shortest timeline to return is now to the end of Trump's term.

Furthermore, I believe that Trump's team began negotiations without Ukraine precisely because they are seeking to get the best minerals deal possible. Russian advances on Ukraine have meant that many of the precious minerals the west is interested in now falls within Russian-occupied territory in Ukraine. Having 50% of the rights to Ukraine's rare earth is not all that great, given this reality\*\*. There is no guarantee that Ukraine will win the war (or when), nor is there a guarantee they will ever regain the territory.\*\* Meanwhile, the US would presumably continue to pump money into Ukraine with no end in sight? Trump isn't going to be OK with that. I think he is working out a post-war deal with Russia that makes certain that minerals will be available immediately.

**Part III: Positions**

Where to invest? Well, Techmet is private. However, there are still plays that can be made in this sector. Right now I have \~$250,000 in derivatives and stock opened yesterday and today. Here is where I am at the moment, though I will absolutely re-balance as I continue to do research.

https://preview.redd.it/gtl426m18rke1.jpg?width=639&format=pjpg&auto=webp&s=b46ae72c3552c0d547b0e3c58f81aa77087fdc82

https://preview.redd.it/eohhxem18rke1.jpg?width=695&format=pjpg&auto=webp&s=bafce8b3889246a92f0536fa56dfb09914c3f8a4

https://preview.redd.it/nk10w5m18rke1.jpg?width=662&format=pjpg&auto=webp&s=0a003c565e4c627c8ffdd8f02b82aa4c997fc028

Why did I pick these? (don't mind Humana, Uber, VST)

>**MP materials** is presently the only rare earth mine and processor in the United States.

>**LYS** is AU but part of ""The Quad"" that Trump opens the door for investments towards when he writes ""(k) The Secretary of State shall consider opportunities to advance the mining and processing of minerals within the United States through the Quadrilateral Security Dialogue.""

>**REEMF** is self-explanatory, rare earth exploration

>**CAT**  is at a 6 month low. I thought that this was a good time to get in given ramping of mining in future. They have ties to Ukraine's post-war rebuilding via the U.S.-Ukraine Business Council (USUBC).

>**TSLA** (not pictured; getting calls Monday) as Elon Musk is close with Trump and shares concern over lithium in particular. TSLA has [just launched operations in a lithium processing plant in TX as well](https://cen.acs.org/energy/energy-storage-/Tesla-begins-making-lithium-chemicals/102/web/2024/12#:~:text=Credit:%20Tesla,lithium%20production%20in%20the%20US) and I would not be surprised to see substantial federal funding in the short term and medium term. See [also this article.](https://www.nasdaq.com/articles/where-does-tesla-get-its-lithium)

>**UUUU** is largely uranium although they are branching out. I'm bullish on it because of this language: ""(c) Â The Secretary of the Interior shall instruct the Director of the U.S. Geological Survey to consider updating the Surveyâ€™s list of critical minerals, including for the potential of including uranium.""

>**IPX** up-and-coming titanium processing w/ a special patent.

>**TLOFF** is nickel, partnered with TSLA

>**ABAT** is US lithium batteries supply/recycling

>**Other Ideas:** I would welcome other suggestions regarding investments that get the right kind of exposure. There are two or three more investments I intend to make on Monday, which I'll disclose when I decide what they will be. I may also adjust a few things here and there.

I'll close with this. Brian Menell, after meeting Mr. Zelensky in NY alongside other energy executives in September, had this to say in a statement:

>â€œTechMet, together with our partners, is available to move forward with further work if the U.S. and Ukrainian governments instruct us to do so""

Western interests will be ready at a moments notice. Will you be?",522,174,https://www.reddit.com/r/wallstreetbets/comments/1iuykwm/the_sector_youve_never_touched_is_a_10bagger_but/
1740163984.0,1iuyiid,$320p HCA 0DTE 2/21 +27k,"Seemed like a no brainer with the UNH news thatâ€™s hospitals would get hit. It held on longer and stronger than I thought but a 300% win is a win. 
",14,5,https://i.redd.it/gsnpwhcygjke1.jpeg
1740163386.0,1iuy9jj,"NVIDIA's CEO Jensen Huang Addresses The ""DeepSeek Fiasco"" For The First Time; Says Investors ""Overreacted"" & ""Got It All Wrong""",,966,126,https://wccftech.com/nvidia-ceo-jensen-huang-addresses-the-deepseek-fiasco-for-the-first-time/
1740162821.0,1iuy180,6 months of trading +107k ðŸ’°,Caught some lucky shorter dated options with Pltr and TSLA. Still short on both long term. ,43,8,https://www.reddit.com/gallery/1iuy180
1740162687.0,1iuxz7j,"Just doubled down on NVDA earnings with NVDL call options, relatively low risk but hopefully will payoff.","Here is short term play on NVDA earnings. Just a hunch, Hopefully theta wonâ€™t hunt me down before the earning are fully digested and priced in.",38,25,https://i.redd.it/bb5zuei3djke1.jpeg
1740162652.0,1iuxyp1,Spy put hedge because winter is coming,"
+65 spy atm (606) 3 month out puts 

Been slowly reducing my call option and stock positions since January. Still a long term bull but itâ€™s time to hedge against potential tariff wars/stubborn inflation/market over extension. I still think the market will end up this year but now is time to get some downside protection. 
",89,28,https://i.redd.it/04k2xb8zcjke1.jpeg
1740161428.0,1iuxgtn,Jensen Falldom For Next Week Earning,"TLDR: I suck in trading, reverse me and buy Nvidia calls for free money.

Okay okay, I have just got a -98% decrease in my XP puts, but hey I just asked my wife's boyfriend for a little bit more money and some Wendy's payout. Let's start how this NVIDIA will fall.

Current situation:

* Jensen's kingdom got kicked out of 140 club, and back to 139 (at the time I write this shit DD), P/E 55.14 (compared to 55.96 for Industrial average) and will have another earning call next week. 
* President Trump are planning to tax 25% tariff on chips outside of US, a bubble for Nvidia manufacturing
* Yes yes I know 5000 series releases got sold out in seconds, but it was released on Jan 30, so it's next quarter so it doesn't do shit this quarter yet.

Why you should buy put?

* Insider trading shows that there is a massive sell off, obviously it doesn't say anything much.

[Insider Trading](https://preview.redd.it/t4w62gqc2jke1.png?width=1038&format=png&auto=webp&s=ad922a3c0eb97ce48039d912bb1cc677eeff5db9)

* Nvidia tends to sensitive to news, especially world new and fluctuated the most when it comes to news.
* Nvidia main manufacturing is TSMC, which got unlove for our beloved President Trump (https://www.mk.co.kr/en/business/11243062)
* China (in general) wants to compete with chip manufacturing especially with Taiwan (https://www.taipeitimes.com/News/biz/archives/2025/02/11/2003831653)
* Recently, Google and Microsoft starts to develop their own chips for their AI, so we are heading to era of independent chip-dependent from Nvidia
* Sure sure, ""yOu sTill nEEd to bUy nVidIa Chips"".From previous earnings, there is a 17% increase in Data Center revenue Q4 2024, a 16% increase in Data Center revenue Q3 2024, and 23% increase in Data Center revenue Q2 2024, and 27% increase in Q1 2024. There is a slow down increase and with a nearest quantum chips release from IQVN, Google, Microsoft, I anticipate that this quarter can still have an increase but not impressive
* So why I think Nvidia chips are stagnant? The investment of research from their previous earnings clearly shows that they don't want to heavily invest in research as much as before --> Chips independent era gonna be coming.

Why you should buy calls?

* Because I buy puts

Position:

[Position](https://preview.redd.it/5yp493fq8jke1.png?width=1372&format=png&auto=webp&s=042b36e8d27ba302fbd34fa70c73ee90ef1e3462)

I buy on August because there are around 150k investment in the same investment and hey I am regarded.   
  
I eat crayon to make this dd so NFA but hey I'm gey bear.   
  
",0,7,https://www.reddit.com/r/wallstreetbets/comments/1iuxgtn/jensen_falldom_for_next_week_earning/
1740161331.0,1iuxffd,Rivian (RIVN) Earnings Review - Bullish,"TLDR: Rivian is a BUY, because itâ€™s cheap  

Post earnings call, Rivian has found gross profit, reducing vehicle production costs by $30k.  

Eyeing the R2 release in a year, theyâ€™ve sourced 95% of materials for it at half the cost of R1, seeing growing bargaining power in negotiations while realizing opportunities for production efficiencies.

People are pumped about the R2 release.  

With $7B of cash they are guiding towards a <($2B) loss for 2025 -  

leaving $5B of cash + $3.4B more from VW deal, putting them at a future $8.4B in cash alone for capex and expansion.  

While the DOE loan might see pressure, they will also create **7500 US MANUFACTURING JOBS in Georgia**.  

Killing manufacturing jobs isnâ€™t really aligned with the current admin goals, even as they talk about ICE vehicles and the need to drill more.  

Guidance for â€˜25 was conservatively flat given the environment, however -  

With Tesla protests happening and a deep fleet of existing owners, the Tesla to Rivian trade-up is happening in force, which will especially add to R2 demand and existing R1 demand.  

Between R2 revenue at minimum $4.5B in â€˜26, R1 sales, VW JV bringing in $2B in revenue (or more, as VW CEO has hinted at), potential further demand from other makers for Rivian tech,  

All of which doesnâ€™t include EDV sales which just opened in February to other fleets, while they guide lower due to Amazon taking on slightly more orders in '24 and slightly less in '25, this is a unique differentiator that furthers the upside.

Rivian not only has a strong path to profitability, but likely future SPY inclusion as it reaches scale and profitability.  

Rivian is well capitalized, backed by big players who believe in their position, and most importantly -  

PEOPLE LOVE THEIR PRODUCT.  

In the last year, Rivian is down 15%, while the company position and story becomes better and better.  

Love the trade and upside here!

(Positions: Long calls and shares)",29,21,https://i.redd.it/cvbglmu19jke1.jpeg
1740161289.0,1iuxesx,13.5k in 1 day. Thank you SPY/QQQ,I love trading,119,21,https://i.redd.it/dg8ki2ix8jke1.jpeg
1740160487.0,1iux2ox,Debating if I should just cut my losses $RKLB,,39,75,https://i.redd.it/ztvdgs5f6jke1.png
1740159446.0,1iuwn10,Hims has coke d!6k,Fml bought at the top. Guess ima bag hodlr now.,64,28,https://i.redd.it/hd9pp8eg3jke1.jpeg
1740158569.0,1iuw9nr,"Taking a break, see you Monday.",,6410,639,https://www.reddit.com/gallery/1iuw9nr
1740158082.0,1iuw2hs,Already sold out today. Haha.,,95,6,https://i.redd.it/30gum90yyike1.jpeg
1740156970.0,1iuvlr8,Rivian $6.6B Loan from DOE Will Likely Be Cut,"In January 2025 the DOE scrambled to approve a $6.6B loan to Rivian to expand operations. Rivian has not yet received this money. 

https://www.energy.gov/lpo/project-horizon

That loan is much needed by RIVN. 

They lose roughly $39,000 per vehicle sold currently, have $5.74B in debt and $7.70B in cash. TTM net income is -$4.75B. 

Once Trump took office, he vowed to â€œlook intoâ€ the Rivian loan. 

https://finance.yahoo.com/news/fate-rivian-6-6-billion-174558360.html?guccounter=1

Since Elon Musk is making most of these decisions, and he has shown to clearly bias his own businesses thus far with Tesla and SpaceX, itâ€™s likely that they find a way to cancel this loan. 

If the loan gets cancelled, RIVN will sell off. 

Positions: 300x RIVN $10p 3/21

",110,69,https://i.redd.it/afkorse3wike1.jpeg
1740156817.0,1iuvjii,Everyone wondering why HIMS crashed today,Apparently there was a severe ozempic/tirzepatide shortage that HIMS was completely filling the void for. FDA says shortage will be no more as more compound companies can produce the drug.,1127,255,https://www.investors.com/news/technology/hims-stock-fda-wegovy-weight-loss-drugs-shortage/
1740156721.0,1iuvi2v,$hood yolo,"y
",7,22,https://i.redd.it/cj6od8tcvike1.jpeg
1740155858.0,1iuv5hg,$CVNA YOLO,"\#Hindenbergreport #lookitup

https://preview.redd.it/ro6reasysike1.png?width=1081&format=png&auto=webp&s=aa515619d760d31d079a012575d9aebd35a6bfe5

I work in a factory",7,11,https://www.reddit.com/r/wallstreetbets/comments/1iuv5hg/cvna_yolo/
1740153870.0,1iuud11,Berkshire cash hoard at all time highs. This has been a decent predictor of market corrections.,,2869,269,https://i.redd.it/ap6aymqomike1.jpeg
1740153474.0,1iuu75k,"Tesla recalls 380,000 vehicles in US over power steering assist issue",,1750,157,https://www.reuters.com/business/autos-transportation/tesla-recalls-380000-vehicles-us-over-power-steering-issue-2025-02-21/
1740153303.0,1iuu4qs,How do I un-f* myself?,I sold these after the run up for each of em; thought they'd keep going up... should have bought puts instead. Seriously asking how you would reposition ðŸ¤¦â€â™€ï¸,239,467,https://www.reddit.com/gallery/1iuu4qs
1740153299.0,1iuu4oi,Intel's 18A process producing SRAM density on par with TSM's N2 porcess,"Link:

https://wccftech.com/intel-18a-process-reportedly-comes-with-sram-density-on-par-with-tsmc-n2/",100,29,https://www.reddit.com/r/wallstreetbets/comments/1iuu4oi/intels_18a_process_producing_sram_density_on_par/
1740152076.0,1iutno7,"Thanks DBX puts guy, Iâ€™m going a cruise next month. I might even get the drink package.","Positions are in screen shots. I bought one contract at 28, thought that was too much, and got the 30 instead",322,26,https://i.redd.it/42dypiljhike1.jpeg
1740151996.0,1iutmiq,"Benchmark maintains Rivian stock Buy rating, $18 price target",,74,13,https://www.investing.com/news/analyst-ratings/benchmark-maintains-rivian-stock-buy-rating-18-price-target-93CH-3883681
1740150918.0,1iut7ip,APLD $$Gain13k,,112,25,https://www.reddit.com/gallery/1iut7ip
1740150265.0,1iusyk0,ZETA opportunity,"ZETA will release earning on the 26th of February. And I think it will ðŸš€

Few positive things to know:
1. They have met or beaten every earnings report since they are publicly traded. 
2. The short report is shown to be extremely false.
3. Their clients are Forbes top 100 companies and neither of them left them after the report was published. 
4. Strong insider buying after the short attack. 
5. Company growth is amazing. 
6. Analyst sentiment is extremely positive.

Few negative things to know: 
1. Short attack might still be on, though CEO claims that shorts closed their positions after few days they started the attack. 
2. The stock is extremely reactive to any news. Especially negative news, no matter if they are fake or true. 
3. The stock is extremely reactive on the red market trend. 

NFA, but I am all in!



",14,9,https://i.redd.it/0e8k9io5cike1.jpeg
1740149357.0,1iusm7y,Weekly Earnings Thread 2/24 - 2/28,,193,610,https://i.redd.it/4rdzmrkg9ike1.jpeg
1740147852.0,1ius2ev,"Rivian posts $170 million 'gross profit' in Q4, sees losses decreasing as variable costs improve",,1498,154,https://finance.yahoo.com/news/rivian-posts-170-million-gross-profit-in-q4-sees-losses-decreasing-as-variable-costs-improve-185717790.html
1740142446.0,1iuq7jv,"Traders piling into VIX calls to hedge, putting pressure on dealers",,161,62,https://www.investmentnews.com/industry-news/dealers-under-pressure-as-traders-pile-into-vix-calls/259386
1740140986.0,1iuprio,$DBX Guidance Flop: Still holding,"Bought these throughout the week. Added the leaps after I posted my DD. 

Not selling until $10

Probably the worst forward guidance Iâ€™ve heard from a saas company in that earrings call. More RIFâ€™s coming to focus on core business, core business is losing paying users and forecasting a continued decline, core business has smaller sales team which will limit ability to monetise user base, dead weight products they have to service that will cause revenue headwinds, need to refinance their debt (they are fucked on that front).

The only â€œpositiveâ€ they could point to was a super weird assertion that they are â€œbasically Netflix pre-streaming, when the business was mailing DVDâ€™sâ€ this was said maybe 6 times. 

Directly calling themselves out that theyâ€™re in an unsustainable path thatâ€™s requires a sidekick shift in the value they bring their users. They think that their AI search tool Dash is the key to future of the company, but then went on to say it will not have any impact towards revenue. Itâ€™s a totally delusional stance to have thinking you can turn your declining cloud storage customer base into some hyper growth AI search company. Itâ€™s a very crowded space that they arenâ€™t even known for. 

TAM of $8Bil was quoted. Yet before that call they were a $10bil market cap. Yeah ok",24,14,https://i.redd.it/fijskmekkhke1.jpeg
1740139757.0,1iupem5,DOJ Investigates Medicare Billing Practices at UnitedHealth,,1511,226,https://www.wsj.com/health/healthcare/unitedhealth-medicare-doj-diagnosis-investigation-66b9f1db?st=rFBxLh&reflink=article_copyURL_share
1740135451.0,1iuo9ih,"Daily Discussion Thread for February 21, 2025",This post contains content not supported on old Reddit. [Click here to view the full post](https://sh.reddit.com/r/wallstreetbets/comments/1iuo9ih),198,18248,https://www.reddit.com/r/wallstreetbets/comments/1iuo9ih/daily_discussion_thread_for_february_21_2025/
1740133473.0,1iunsni,I love U and China ðŸ˜˜,,65,8,https://i.redd.it/97oyx048ygke1.jpeg
1740127670.0,1iumfsb,RDDT loss porn - I canâ€™t stop buying.,Should I stop buying this stock? Lost 6k in like a week. ,76,87,https://i.redd.it/ftuwpztyggke1.jpeg
1740124596.0,1iulq6t,Full port PLTR put,Regarded moves are money moves,59,49,https://i.redd.it/hjfwhc1u7gke1.jpeg
1740118414.0,1iuk8th,Nissan surges on report Japan group may seek Tesla investment,,330,115,https://www.bloomberg.com/news/articles/2025-02-21/nissan-surges-on-report-japan-group-may-seek-tesla-investment
1740109349.0,1iuhlv3,"BKSY BlackSky, the Most Interesting Space Stock You Haven't Heard Of","BlackSky owns a constellation of satellites that produce near real-time high-resolution imagery. Yesterday they successfully put the first of Gen-3 satellites into orbit with the help of Rocket Lab.

[https://www.rocketlabusa.com/updates/rocket-lab-successfully-launches-60th-electron-first-of-multiple-missions-for-blacksky/](https://www.rocketlabusa.com/updates/rocket-lab-successfully-launches-60th-electron-first-of-multiple-missions-for-blacksky/)

The Gen-3 boasts an impressive step up vs Gen-2. Including:

\- 30 min delivery  
\- 35 cm resolution  
\- performant in low light

https://preview.redd.it/zv45212lteke1.png?width=1256&format=png&auto=webp&s=72c588781a689debbdda90cade1d25f740b7298a

What impresses me about the company is that have an absolutely ridiculous cadence of contracts announcements. We are talking new contracts week after week after week.

https://preview.redd.it/srlxn6g8weke1.png?width=626&format=png&auto=webp&s=396635b4408c866ab77a3571771e993c9db90b14

This has resulted produced a smooth as butter compounding machine that has recently inflected to positive ebidtda.

https://preview.redd.it/49f0wdblweke1.png?width=580&format=png&auto=webp&s=6bba22e008adc454b1a6bc6f9731ede73b71897b

As far as valuation goes, it stacks of pretty damn nice. For example, far better grow and lower ev / sales multiple compared to it's closest peer PL.

https://preview.redd.it/o0wzghh2xeke1.png?width=424&format=png&auto=webp&s=aa27eef224ebe52a3ac67bfde8c6bf4e03384765

Back in the day they had a strategic partnership with PLTR. Not notably sure if it is still ongoing: 

[https://www.blacksky.com/blacksky-secures-investment-from-palantir-and-enters-into-multi-year-strategic-partnership-following-successful-pilot-project/](https://www.blacksky.com/blacksky-secures-investment-from-palantir-and-enters-into-multi-year-strategic-partnership-following-successful-pilot-project/)

  
In sum, I think BKSY occupies a really interesting niche (high res, low latency imagery) that will likely be able to command really nice margins over time. And they have the benefit of a good liquidity and positive growth, so probably don't need to worry about being hammered by financing - as is the typical case with satellite companies - all that much.

I am rolling with a good slug of commons, and some calls for extra juice.

https://preview.redd.it/llssghcjxeke1.png?width=660&format=png&auto=webp&s=62ab5baedaff593425123cb81df6e6a7e161311b

https://preview.redd.it/sgxu3qrmxeke1.png?width=339&format=png&auto=webp&s=75a23bf587474d8ab210950f7d804fb998764bee

",156,69,https://www.reddit.com/r/wallstreetbets/comments/1iuhlv3/bksy_blacksky_the_most_interesting_space_stock/
1740102707.0,1iuff53,Am i cooked?,,14,30,https://i.redd.it/hlicphqqeeke1.jpeg
1740100413.0,1iuemug,Figured out why WRD is tanking today,"Almost bought shares last week, but luckily got NBIS instead. Found this in the attachment on their 6-K. Shares are for sure getting diluted. 

Full attachment here: https://archive.fast-edgar.com/20250220/AM2ZD22CZW2RA2Z2222B2CYMKODMZZ223I72/d936849dex991.htm",19,4,https://i.redd.it/b6y4cx9x7eke1.jpeg
1740099207.0,1iue6ny,"Not good, Bois. Nooottttt good.",,927,240,https://i.redd.it/gnntt86c4eke1.jpeg
1740096292.0,1iudhkc,Caught PLTR puts right before the drop 1362%,Donâ€™t usually do short dte contracts but decided to gamble some winnings. Got very lucky :),273,12,https://www.reddit.com/gallery/1iudhkc
1740095442.0,1iud6b3,60k gain on CELH,"
",142,40,https://www.reddit.com/gallery/1iud6b3
1740094119.0,1iucp16,NVDA yolo,Same funds that invested in PLTR and Reddit are in NVDIA. Dealers lost the battle today with $SPX. Letâ€™s see if this baby gaps down at open tomm ðŸ˜ðŸ˜†,92,147,https://i.redd.it/3dw0uwk7pdke1.jpeg
1740093270.0,1iucdqs,Not bad for a day!,Not too much but thankful for the morning dip!,53,17,https://www.reddit.com/gallery/1iucdqs
1740090911.0,1iubht1,20k gain on $celh,,42,7,https://i.redd.it/b866ucflfdke1.jpeg
1740090233.0,1iub8fm,All IN CELH M23,"LOLLL you guys called me a a degen a few days ago, SO OBVIOUS, I see everyone slurping these drinks everywhere. This drink about to replace coffee for young people.

In college rn and bout to have the largest party

Nah but seriously what should I do with all this money",201,52,https://www.reddit.com/gallery/1iub8fm
1740089330.0,1iuavm9,Palantir puts,"Bought 30 minutes before close yesterday, sold within 30 minutes of open today. Started looking at the puts when they were about 50 cents and waited too long to execute debating how much I wanted to risk. ",49,11,https://www.reddit.com/gallery/1iuavm9
1740089314.0,1iuavee,Yolo,,13,13,https://i.redd.it/5g2s9q2xadke1.jpeg
1740088715.0,1iuamm2,Rivian (RIVN) achieves gross profit of $170m in Q4 2024,,2025,293,https://downloads.ctfassets.net/2md5qhoeajym/4bRHWWpn57tfMt9KEdEuhT/f9e991ab2f9a3fbe7dcfa33b63ae4917/EX_-_99.2_4Q24_Shareholder_Letter.pdf
1740088398.0,1iuai7h,Celsius Energy Drink to Buy Rival Alani Nu for $1.8 Billion,,942,182,https://www.wsj.com/business/deals/celsius-to-buy-energy-drink-rival-for-1-8-billion-a1618105
1740088176.0,1iuaf06,Thanks Trump and Karp for finally crashing pltr.,Wish I hadn't been a p...sy and sold out the 10 for 65 cents... only turned into $1300 or $1900 each had I held to the low today.  ,12,19,https://www.reddit.com/gallery/1iuaf06
1740088014.0,1iuacp0,Patience paid $BABA,,43,7,https://i.redd.it/86er9py17dke1.jpeg
1740087943.0,1iuabpp,$RIVN - Profits made / Profits kept! Letâ€™s gooo,,54,14,https://www.businesswire.com/news/home/20250220451890/en/Rivian-Releases-Fourth-Quarter-and-Full-Year-2024-Financial-Results
1740087491.0,1iua5eu,"Yesterdayâ€™s DD, todayâ€™s gains",,4,1,https://i.redd.it/5gctph2i5dke1.jpeg
1740086172.0,1iu9m5i,Thank you KARP you curly headed bastird!! my CALLS n PUTZZZ in one day were fire! like fire son!!,"[Putz right after KARPS pay harvest post!! ](https://preview.redd.it/0qvuho2f1dke1.jpg?width=4000&format=pjpg&auto=webp&s=9261e02cce38397eff31ce348640c41ed6592194)

[my calls leading up to KARPS post](https://preview.redd.it/wcem8bvi1dke1.jpg?width=1440&format=pjpg&auto=webp&s=d0c476e1f2c534c2abca704cd5870dd190fba33e)

$PLTR $PLTR",8,3,https://www.reddit.com/r/wallstreetbets/comments/1iu9m5i/thank_you_karp_you_curly_headed_bastird_my_calls/
1740085848.0,1iu9hd3,Even my battery red,80% of all funds are in $NVDA and $HOOD calls. The rest are side quests. My main bish ugly my side bishes uglier. ,493,52,https://www.reddit.com/gallery/1iu9hd3
1740085051.0,1iu95uj,"What Are Your Moves Tomorrow, February 21, 2025",This post contains content not supported on old Reddit. [Click here to view the full post](https://sh.reddit.com/r/wallstreetbets/comments/1iu95uj),180,8196,https://www.reddit.com/r/wallstreetbets/comments/1iu95uj/what_are_your_moves_tomorrow_february_21_2025/
1740084574.0,1iu8z2i,5000 shares in INTC,Nana will be so proud,160,61,https://i.redd.it/878lqxrtwcke1.jpeg
1740084109.0,1iu8sn3,$DECK Baby's First YOLO <3,,10,14,https://www.reddit.com/gallery/1iu8sn3
1740082820.0,1iu8a2s,Watch me paper hand PLTR,"Made a double between June and October last year, took quick profits at $41.80.  Two days ago major FOMO and bought back in at $121.  Now timing a grab at a falling knife.  ðŸ”ª ðŸ—¡ ðŸ”ª ðŸ—¡ ",4,6,https://www.reddit.com/gallery/1iu8a2s
1740082476.0,1iu854k,OJ futures down 43% in 2 months,"Is this the buy of the century? 

https://preview.redd.it/v948fz8iqcke1.png?width=3276&format=png&auto=webp&s=252d87883851a9d4d1ef73014357b68c19a08e4a

",629,209,https://www.reddit.com/r/wallstreetbets/comments/1iu854k/oj_futures_down_43_in_2_months/
1740081314.0,1iu7nm4,Talk about an emotional day,Next time I wonâ€™t be greedy ,36,14,https://www.reddit.com/gallery/1iu7nm4
1740080165.0,1iu76z3,Invert my RDDT earnings plays for free money,"Last time I sold just before earnings and missed out bigly. This time I held onto my nuts and there goes most of 2024 gains. Stay tuned for next time!

",67,33,https://www.reddit.com/gallery/1iu76z3
